{"cameraMode":{"drawMode":0,"name":"Shaded","section":"Shading Mode"},"sceneLighting":false,"audioPlay":false,"sceneViewState":{"m_AlwaysRefresh":false,"showFog":true,"showSkybox":false,"showFlares":true,"showImageEffects":true,"showParticleSystems":true,"showVisualEffectGraphs":true,"m_FxEnabled":true},"in2DMode":false,"pivot":{"x":0.36330267786979678,"y":-0.4251161813735962,"z":0.8693042397499085},"rotation":{"x":-0.015963656827807428,"y":0.9831995368003845,"z":-0.15163780748844148,"w":-0.1048189252614975},"size":0.37131237983703616,"orthographic":false}