{"cameraMode":{"drawMode":0,"name":"Shaded","section":"Shading Mode"},"sceneLighting":true,"audioPlay":false,"sceneViewState":{"m_AlwaysRefresh":false,"showFog":true,"showSkybox":true,"showFlares":true,"showImageEffects":true,"showParticleSystems":true,"showVisualEffectGraphs":true,"m_FxEnabled":true},"in2DMode":false,"pivot":{"x":-1.6697031259536744,"y":0.7164947390556336,"z":-0.39548981189727785},"rotation":{"x":0.07252039015293122,"y":-0.8921428322792053,"z":0.1458999067544937,"w":0.42189016938209536},"size":1.5290699005126954,"orthographic":false}