{"cameraMode":{"drawMode":0,"name":"Shaded","section":"Shading Mode"},"sceneLighting":true,"audioPlay":false,"sceneViewState":{"m_AlwaysRefresh":false,"showFog":true,"showSkybox":true,"showFlares":true,"showImageEffects":true,"showParticleSystems":true,"showVisualEffectGraphs":true,"m_FxEnabled":true},"in2DMode":false,"pivot":{"x":-1.7795706987380982,"y":1.8126018047332764,"z":-1.8417285680770875},"rotation":{"x":-0.21858803927898408,"y":-0.7377060651779175,"z":0.2786477506160736,"w":-0.5757255554199219},"size":0.8660253882408142,"orthographic":false}