{"cameraMode":{"drawMode":0,"name":"Shaded","section":"Shading Mode"},"sceneLighting":true,"audioPlay":false,"sceneViewState":{"m_AlwaysRefresh":false,"showFog":true,"showSkybox":true,"showFlares":true,"showImageEffects":true,"showParticleSystems":true,"showVisualEffectGraphs":true,"m_FxEnabled":true},"in2DMode":false,"pivot":{"x":-0.665420413017273,"y":0.9042456746101379,"z":-1.5175586938858033},"rotation":{"x":-0.11555539071559906,"y":-0.8018528819084168,"z":0.16151680052280427,"w":-0.5646076202392578},"size":0.8660253882408142,"orthographic":false}