{"cameraMode":{"drawMode":0,"name":"Shaded","section":"Shading Mode"},"sceneLighting":false,"audioPlay":false,"sceneViewState":{"m_AlwaysRefresh":false,"showFog":false,"showSkybox":false,"showFlares":false,"showImageEffects":false,"showParticleSystems":false,"showVisualEffectGraphs":true,"m_FxEnabled":true},"in2DMode":false,"pivot":{"x":-0.9205475449562073,"y":0.9937667846679688,"z":0.5572278499603272},"rotation":{"x":0.2858344316482544,"y":-0.43301665782928469,"z":0.14686959981918336,"w":0.8427207469940186},"size":1.3218719959259034,"orthographic":false}